common_name	code	display	scientific_name	Endemism	family_name	genus_name	species_name	range	habitat	threats	IUCN_status	IUCN_population_trend	IUCN_assessement_year	audio_files	spec_files
Blue-sided treefrog	AGAANN	0	Agalychnis annae	Endemic to Costa Rica and Panama	PHYLLOMEDUSIDAE	Agalychnis	annae	Middle elevations in the Tilarán, Central, and northern Talamanca Mountain Ranges, in both Costa Rica and adjacent Panama; 2,550–5,400 ft (780–1,650 m)	Premontane humid tropical forests and lowland rainforest	Chytridiomycosis, Climate Change	Vulnerable	Stable	2019		
Red-eyed treefrog	AGACAL	1	Agalychnis callidryas	Endemic to Central America	PHYLLOMEDUSIDAE	Agalychnis	callidryas	Central America. On the Atlantic slope, it occurs from Mexico to eastern Panama; throughout the Pacific slope of Costa Rica, except for some of the drier areas of the northwest; from near sea level to 4,100 ft (1,250 m)	Tropical lowland and montane forest	Habitat loss and degradation (agriculture, urbanization, logging), pet trade, ranavirus, chytrid fungus	Least Concern	Decreasing	2016	Agalychnis callidryas.mp3,Agalychnis callidryas0.mp3	Agalychnis callidryas.webp,Agalychnis callidryas0.webp
Orange-sided gliding leaf frog	AGASPU	1	Agalychnis spurrelli	Not Endemic	PHYLLOMEDUSIDAE	Agalychnis	spurrelli	 Southeastern and southwestern Costa Rica; from near sea level to 2,460 ft (750 m). It is also found in the Atlantic lowlands of Panama, the Pacific lowlands of Colombia, and in northwestern Ecuador	Forest - Subtropical/Tropical Moist Lowland; Forest - Subtropical/Tropical Moist Montane	Habitat loss, pesticides, chytrid fungus	Least Concern	Decreasing	2019	Agalychnis spurrelli0.mp3	Agalychnis spurrelli0.webp
Talamanca rocket frog	ALLTAL	0	Allobates talamancae	Not Endemic	AROMOBATIDAE	Allobates	talamancae	Extreme southeastern Nicaragua, Costa Rica, and eastern Panama; on the Pacific slope, it occurs in southwestern Costa Rica, eastern Panama, Colombia, andvnorthern Ecuador; from near sea level to 2,300 ft (700 m)	Subtropical/tropical moist lowland, heavily degraded former forest	Habitat loss (agriculture, cattle ranching, logging, human settlement, invasive fish species, pesticide pollution), chytridiomycosis	Least Concern	Decreasing	2014		
Variable harlequin toad	ATEVAR	0	Atelopus varius	Endemic to Costa Rica and Panama	BUFONIDAE	Atelopus	varius	Atlantic and Pacific slopes of Costa Rica and western Panama from near sea level to 6,550 ft (2,000 m)	Premontane and lower montane regions	Chytridiomycosis, Climate Change, habitat loss (agriculture, hydroelectric production, mining, invasive fish species, runoff waste pollution), pet trade	Critically Endangered	Unknown	2019		
Rosenberg's treefrog	BOAROS	1	Boana rosenbergi	Not Endemic	HYLIDAE	Boana	rosenbergi	From central and southwestern Costa Rica, through Panama and Colombia, to western Ecuador; from near sea level to 2,950 ft (900 m) a.s.l.	Subtropical/tropical moist lowland, pastureland, rural gardens, heavily degraded former forest	No major threats	Least Concern	Stable	2019	Boana rosenbergi.mp3,Boana rosenbergi0.mp3	Boana rosenbergi.webp,Boana rosenbergi0.webp
Grainy cochran frog	COCGRA	0	Cochranella granulosa	Not Endemic	CENTROLENIDAE	Cochranella	granulosa	Atlantic slope from southeastern Honduras to central Panama; the Pacific slope from central Costa Rica to southwestern Panama; from near sea level to 4,925 ft (1,500 m)	Humid lowland and montane forest	Habitat loss (agriculture, logging, urbanization, water pollution)	Least Concern	Decreasing	2019		
Isla Bonita robber frog	CRACRA	0	Craugastor crassidigitus	Not Endemic	CRAUGASTORIDAE	Craugastor	crassidigitus	Both coasts of Costa Rica, throughout Panama, and in extreme northwestern Colombia; near sea level to 6,550 ft (2,000 m)	Primary and secondary-growth humid lowland and montane forest	Chytridiomycosis, Climate Change	Least Concern	Decreasing	2019		
Fitzinger's robber frog	CRAFIT	0	Craugastor fitzingeri	Not Endemic	CRAUGASTORIDAE	Craugastor	fitzingeri	From northeastern Honduras on the Atlantic slope, and northwestern Costa Rica on the Pacific slope, to northwestern Colombia; from near sea level to 4,985 ft (1,520 m)	Humid lowland and montane forest, disturbed forest, forest edge	No major threats	Least Concern	Stable	2019		
Veragua robber frog	CRARUG	0	Craugastor rugosus	Endemic to Costa Rica and Panama	CRAUGASTORIDAE	Craugastor	rugosus	Pacific slope, in central and southwestern Costa Rica and Panama; from near sea level to 4,000 ft (1,220 m) a.s.l.	Humid lowland forest, secondary forest, and plantations	No major threats	Least Concern	Stable	2019		
Stejneger's robber frog	CRASTE	0	Craugastor stejnegerianus	Endemic to Costa Rica and Panama	CRAUGASTORIDAE	Craugastor	stejnegerianus	From northwestern Costa Rica to western Panama; and in the western Central Valley, Costa Rica; from near sea level to 4,365 ft (1,330 m) a.s.l.	Humid and sub-humid lowland forest, also in secondary forest, plantations, pastureland	No major threats	Least Concern	Stable	2019		
South Pacific streamside frog	CRATAU	0	Craugastor taurus	Endemic to Costa Rica and Panama	CRAUGASTORIDAE	Craugastor	taurus	Only in Punta Banco area in extreme southwestern Costa Rica, and in Punta Burica in extreme western Panama	Humid lowland forest	Chytrid fungus, ranavirus, habitat loss (agriculture, cattle ranching, logging, urbanization, chemical pollution)	Endangered	Decreasing	2019		
Costa Rica nelson frog	CTEATE	0	Ctenophryne aterrima	Not Endemic	MICROHYLIDAE	Ctenophryne	aterrima	From northern Costa Rica to the mountains of Colombia and northwestern Ecuador. In Costa Rica is only in the Atlantic Coast and the Pacific southwest; from near sea level to 5,250 ft (1,600 m) a.s.l.	Humid lowland, montane forest, including secondary forest and areas close to these forests	Habitat loss (agriculture, logging, human settlement, pesticide pollution)	Least Concern	Decreasing	2019		
Green and black poison dart frog	DENAUR	0	Dendrobates auratus	Not Endemic	DENDROBATIDAE	Dendrobates	auratus	From southeastern Nicaragua to Colombia, and on the Pacific slope from southwestern Costa Rica to Colombia; from near sea level to 3,275 ft (1,000 m) a.s.l. It has  been introduced to Hawaii.	Humid lowland and sub-montane forest	Habitat loss (agriculture, logging, urbanization), pet trade	Least Concern	Decreasing	2019		
Hourglass treefrog	DENEBR	1	Dendropsophus ebraccatus	Not Endemic	HYLIDAE	Dendropsophus	ebraccatus	On the Atlantic slope occurs in isolated populations in Chiapas, Mexico, northern Guatemala, Belize, Honduras, and northern Nicaragua; and it is found throughout Costa Rica, Panama, Colombia, and northwestern Ecuador. On the Pacific slope, it occurs locally in Costa Rica and Colombia. From near sea level to 5,250 ft (1,600 m. a.s.l.	Humid tropical forest, including primary and secondary forests and forest edges	Habitat loss (agriculture, logging, human settlement, development, pesticide pollution)	Least Concern	Stable	2019	Dendropsophus ebraccatus.mp3,Dendropsophus ebraccatus0.mp3,Dendropsophus ebraccatus2.mp3	Dendropsophus ebraccatus.webp,Dendropsophus ebraccatus0.webp,Dendropsophus ebraccatus2.webp
Small-headed treefrog	DENMIC	1	Dendropsophus microcephalus	Not Endemic	HYLIDAE	Dendropsophus	microcephalus	Along the Atlantic slope in southern Veracruz and northern Oaxaca states (Mexico), central Guatemala, Belize, Honduras, and northern Nicaragua. It switches to the Pacific slope in Nicaragua and continues south through Costa Rica and Panama, reaching the Amazon basin of South America. In Costa Rica it ranges from near sea level to 2,650 ft (810 m) a.s.l.	Savannah, forest edge species, wetlands, disturbed or altered habitats at foothills and low elevations in secondary forests and pasture grasslands or cut-over forests	No known threats	Least Concern	Increasing	2008	Dendropsophus microcephalus.mp3,Dendropsophus microcephalus0.mp3	Dendropsophus microcephalus.webp,Dendropsophus microcephalus0.webp
Common dink frog	DIADIA	0	Diasporus diastema	Endemic to Central America	ELEUTHERODACTYLIDAE	Diasporus	diastema	On the Atlantic slope from southeastern Honduras to the Canal Zone in Panama. On the Pacific slope, locally in the Guanacaste and Tilarán Mountain Ranges in Costa Rica and in the Talamanca Mountain Range in southwestern Costa Rica and Panama. From near sea level to 5,300 ft (1,615 m).	Humid lowland, montane forest, disturbed habitats	No major threats	Least Concern	Decreasing	2014		
Vocal dink frog	DIAVOC	0	Diasporus vocator	Endemic to Costa Rica and Panama	ELEUTHERODACTYLIDAE	Diasporus	vocator	From southwestern Costa Rica to central Panama, and crosses over onto the Atlantic slope in Panama; from near sea level to 5,415 ft (1,650 m)	Humid lowland, montane forest, secondary forest, tree plantation	Habitat loss (agriculture, logging)	Least Concern	Stable	2014		
Colombian plump frog	ELAPEA	0	Elachistocleis pearsei	Not Endemic	MICROHYLIDAE	Elachistocleis	pearsei	Western Pacific of Panama, the Caribbean lowlands and inter-Andean valley of Magdalena in Colombia, and extends eastwards to northwestern Venezuela, comprising almost the entire Maracaibo Lake basin, including the foothill of northern Serrania de Perijá.	Lowland dry forests to premontane rain/wet forests, moist savanna, wetlands, plantations	Coal mining, agriculture, and livestock farming	Least Concern	Unknown	2020		
Túngara frog	ENGPUS	1	Engystomops pustulosus	Not Endemic	LEPTODACTYLIDAE	Engystomops	pustulosus	On the Atlantic slope in Veracruz and Campeche, Mexico. On the Pacific slope from Oaxaca, Mexico, to northwestern Costa Rica; and in southwestern Costa Rica, throughout Panama, and in Colombia and Venezuela. It is found from near sea level to 5,050 ft (1,540 m)	Lowland savannas and open environments, as well as natural and disturbed humid lowland and montane forest, tropical dry forest, and other anthropogenic habitats	No major threats	Least Concern	Stable	2020	Engystomops pustulosus0.mp3	Engystomops pustulosus0.webp
Emerald glass frog	ESPPRO	0	Espadarana prosoblepon	Not Endemic	CENTROLENIDAE	Espadarana	prosoblepon	From eastern Honduras to northern Colombia and western Ecuador	Lowland tropical forests and in montane cloud forest, and is restricted to mature forest	Habitat loss (agriculture, logging, human settlement), pesticide pollution	Least Concern	Stable	2019		
Plantation glass frog	HYACOL	0	Hyalinobatrachium colymbiphyllum	Not Endemic	CENTROLENIDAE	Hyalinobatrachium	colymbiphyllum	In central and southeastern Costa Rica; on the Pacific slope from northwestern Costa Rica to northern Colombia; from near sea level to 5,900 ft (1,800 m)	Humid lowland and montane forest, permanent rivers, streams, creeks	No major threats	Least Concern	Stable	2019		
Fleischmann’s glass frog	HYAFLE	0	Hyalinobatrachium fleischmanni	Not Endemic	CENTROLENIDAE	Hyalinobatrachium	fleischmanni	From Guerrero, Mexico, through Central America, to Ecuador, Colombia, Venezuela, and the Guyanas	Humid lowland and montane tropical and subtropical forest	Habitat loss (agriculture, logging, human settlement, pesticide pollution)	Least Concern	Stable	2021		
La Palma glass frog	HYAVAL	0	Hyalinobatrachium valerioi	Not Endemic	CENTROLENIDAE	Hyalinobatrachium	valerioi	Costa Rica, Panama, western Colombia, and Ecuador	Moist primary and secondary lowland forest, degraded forest, permanent rivers/streams/creeks	Habitat loss (agriculture, logging, human settlementm pesticide pollution)	Least Concern	Decreasing	2019		
Pacific forest toad	INCAUC	0	Incilius aucoinae	Endemic to Costa Rica and Panama	BUFONIDAE	Incilius	aucoinae	Pacific region of Costa Rica, from south of Puntarenas toward the southern border, and Chiriquí region, Panama; from near sea level to 1,975 ft (600 m)	Restricted to forested habitats from tree plantations to primary forest	No major threats	Least Concern	Stable	2014		
Evergreen toad	INCCON	0	Incilius coniferus	Not Endemic	BUFONIDAE	Incilius	coniferus	From north-central Nicaragua to central Panama, in Colombia, and northern Ecuador; sea level to 5,075 ft (1,550 m)	Atlantic lowlands and foothills, and Pacific lowlands	No major threats	Least Concern	Stable	2019		
Dark green toad	INCMEL	0	Incilius melanochlorus	Endemic to Costa Rica, Nicaragua, Panama	BUFONIDAE	Incilius	melanochlorus	Along the Atlantic versant from southeastern Nicaragua to northern Panama	Lowland moist and wet forests and the lower portion of premontane wet forest	Habitat loss and degradation (pollution, dam construction)	Least Concern	Stable	2019		
Bolivian white-lipped frog	LEPBOL	0	Leptodactylus bolivianus	Not Endemic	LEPTODACTYLIDAE	Leptodactylus	bolivianus	From Costa Rica south through Panama to South America, on the Caribbean slope of Nicaragua and on Providencia and San Andrés Islands, Colombia and San Miguel and Saboga (Panamá). In South America: patchy distribution from Madeira River (Brazil) to the high Magdalena Valley in Colombia and southern Venezuela, southward to Bolivia, and also including Guyana, Suriname, French Guiana and Trinidad Island (in Trinidad and Tobago). It occurs up to 1,400m a.s.l.	Open grassy areas, humid lowland forest, dry forest, secondary forest, swamps, pasture, drainage ditches and rice fields	No major threats	Least Concern	Stable	2008		
American white-lipped frog	LEPFRA	1	Leptodactylus fragilis	Not Endemic	LEPTODACTYLIDAE	Leptodactylus	fragilis	From extreme southern Texas, United States, through Mexico and Central America, to northern Colombia and Venezuela. In the Pacific lowlands and northern Atlantic slope of Costa Rica, locally; from near sea level up to about 1,800 ft (550 m).	Savannah, grassland, semi-arid lands, and open habitats in humid and dry, lowland and montane tropical forests	No major threats	Least Concern	Stable	2020	Leptodactylus fragilis.mp3,Leptodactylus fragilis0.mp3	Leptodactylus fragilis.webp,Leptodactylus fragilis0.webp
San Miguel island frog	LEPINS	1	Leptodactylus insularum	Not Endemic	LEPTODACTYLIDAE	Leptodactylus	insularum	On the Pacific slope from northern Costa Rica, through Panama, into Colombia and Venezuela; and Trinidad and Tobago; from near sea level to at least 1,500 ft (455 m)	Riparian forest, naturally occurring forest patches in savanna, as well as rural gardens (conocos)iparian forest, naturally occurring forest patches in savanna, as well as rural gardens (conocos)	No major threats	Least Concern	Stable	2020	Leptodactylus insularum0.mp3	Leptodactylus insularum0.webp
Sabinal frog	LEPMEL	0	Leptodactylus melanonotus	Not Endemic	LEPTODACTYLIDAE	Leptodactylus	melanonotus	On the Atlantic and Pacific slopes from parts of Mexico to Ecuador; from near sea level to 4,265 ft (1,300 m)	Humid lowland and montane forest, but also survives in mangroves, open grassy areas, flooded pastures, disturbed secondary growth, farmland and urban areas	No major threats	Least Concern	Stable	2019		
Brown Foam-nest frog	LEPPOE	0	Leptodactylus poecilochilus	Not Endemic	LEPTODACTYLIDAE	Leptodactylus	poecilochilus	On the Pacific slope from northwestern Costa Rica through Panama into northern Colombia and northern Venezuela; it crosses (marginally) onto the Atlantic slope in the area surrounding Lake Arenal, Costa Rica; from near sea level to 3,775 ft (1,150 m)	humid lowland forest, other forest types, grassland, marshes, swamps, temporary ponds and ditches, urban areas	Threats unknown	Least Concern	Stable	2020		
Central American Bullfrog, Smoky Jungle frog	LEPSAV	1	Leptodactylus savagei	Not Endemic	LEPTODACTYLIDAE	Leptodactylus	savagei	On the Atlantic slope from northern Honduras to Colombia; on the Pacific slope from northern Nicaragua to Colombia. In Costa Rica, it occurs on both slopes; from near sea level to 3,935 ft (1,200 m)	Primary and secondary lowland to premontane tropical moist forests, forest edges and severely deforested areas, wetlands	No major threats	Least Concern	Stable	2019	Leptodactylus savagei0.mp3	Leptodactylus savagei0.webp
Brilliant Forest frog	LITWAR	0	Lithobates warszewitschii	Endemic to Central America	RANIDAE	Lithobates	warszewitschii	Atlantic slope from northeastern Honduras to eastern Panama, and on the Pacific slope of central and southern Costa Rica and western Panama; 0–5,700 ft (0–1,740 m).	Small streams in humid old-growth, secondary, and disturbed lowland, montane and gallery forests	Habitat loss (agriculture, logging, human development), chytridiomycosis	Least Concern	Increasing	2019		
Granular poison dart frog	OOPGRA	0	Oophaga granulifera	Endemic to Costa Rica and Panama	DENDROBATIDAE	Oophaga	granulifera	From southwestern Costa Rica and southwestern Panama; sea level to 1,300 ft (400 m). There may be a disjunct population in extreme southeastern Costa Rica (in the Río Sandbox area in Limón Province), likely introduced by humans	Undisturbed humid lowland forest, but is also recorded from secondary forest, cacao plantations, and wetlands	Agriculture, pesticides and fungicides	Vulnerable	Decreasing	2019		
Golfo Dulce poison dart frog	PHYVIT	1	Phyllobates vittatus	Endemic to Costa Rica	DENDROBATIDAE	Phyllobates	vittatus	From Dominical southwards to Punta Burica, going through the Osa Peninsula 	Primary lowland forests from 20–550 m a.s.l.	Habitat loss (large-scale agriculture)	Vulnerable	Decreasing	2019	Phyllobates vittatus0.mp3	Phyllobates vittatus0.webp
Chiriqui robber frog	PRICRU	0	Pristimantis cruentus	Endemic to Costa Rica and Panama	CRAUGASTORIDAE	Pristimantis	cruentus	On both slopes, from northern Costa Rica to eastern Panama; from near sea level to 6,400 ft (1,950 m)	Humid lowland and montane forest. It is also found in degraded habitats outside forest	Habitat loss (agriculture, logging)	Least Concern	Stable	2014		
Leopard robber frog	PRIPAR	0	Pristimantis pardalis	Endemic to Costa Rica and Panama	CRAUGASTORIDAE	Pristimantis	pardalis	Foothills if the Fila Costeña in the central Pacific region and in the foothills and middle elevations of the southern Talamanca Mountain Range; 1,150– 4,750 ft (350–1,450 m). It also occurs in a few lowland areas in central and eastern Panama	Subtropical/tropical humid premontane and montane forest	Agriculture, cattle ranching, clear cutting	Least Concern	Decreasing	2019		
Rio San Juan robber frog	PRIRID	0	Pristimantis ridens	Not Endemic	CRAUGASTORIDAE	Pristimantis	ridens	Fromvnorthern Honduras to western Colombia. In Costa Rica it is widespread on the Atlantic slope and on the central and southern Pacific slope; from near sea level to 5,250 ft (1,600 m)	Humid lowland and montane forest, disturbed habitats, including degraded secondary vegetation, plantations, rural gardens and urban areas	No major threats	Least Concern	Stable	2019		
Truando toad	RHAHAE	0	Rhaebo haematiticus	Not Endemic	BUFONIDAE	Rhaebo	haematiticus	From Costa Rica to northern Colombia and northwestern Ecuador; on the Atlantic slope, its range extends farther north, to Honduras; sea level to 4,265 ft (1,300 m) a.s.l.	Primary tropical moist forest and sub-montane humid forest	Habitat loss and degradation (agriculture, logging, cattle ranching)	Least Concern	Decreasing	2020		
Cane toad	RHIHOR	0	Rhinella horribilis	Not Endemic	BUFONIDAE	Rhinella	horribilis	From southern Texas and southern Florida, US, through tropical Mexico and Central America, to northern South America. In Costa Rica it is abundant from sea level to 5,250 ft (1,600 m)	Humid areas with adequate cover, including cane fields, savannah, open forest, well watered yards and gardens, dry equatorial forests, degraded and man-made habitats	No major threats	Least Concern	Increasing	2008		
White-spotted Cochran frog	SACALB	0	Sachatamia albomaculata	Not Endemic	CENTROLENIDAE	Sachatamia	albomaculata	From eastern Honduras to western Colombia	Subtropical/tropical humid lowland and montane forest, wetlands	No major threats	Least Concern	Decreasing	2019		
Boulenger’s snouted treefrog	SCIBOU	1	Scinax boulengeri	Not Endemic	HYLIDAE	Scinax	boulengeri	On the Atlantic slope from southern Nicaragua to eastern Panama; and on the Pacific slope of Costa Rica, central Panama, and northern Colombia; from near sea level to 2,295 ft (700 m) a.s.l.	Tropical primary and secondary lowland rainforest, secondary growth or in isolated trees and shrubs in pastures and other open areas 	No major threats	Least Concern	Stable	2019	Scinax boulengeri.mp3,Scinax boulengeri0.mp3	Scinax boulengeri.webp,Scinax boulengeri0.webp
Sipurio snouted treefrog	SCIELA	0	Scinax elaeochroa	Endemic to Costa Rica, Nicaragua, Panama	HYLIDAE	Scinax	elaeochroa	On the Atlantic slope from eastern Nicaragua to northwestern Panama and on the Pacific slope from central Costa Rica to southwestern Panama; from near sea level to 3,935 ft (1,200 m) a.s.l.	Lowland, and marginally montane, tropical forest, and in secondary and disturbed forest habitats	Habitat loss (agriculture, logging, human settlement), pollution from pesticides	Least Concern	Stable	2019		
Rainforest rocket frog	SILFLO	0	Silverstoneia flotator	Endemic to Costa Rica and Panama	DENDROBATIDAE	Silverstoneia	flotator	Costa Rica and in east-central Panama; on the Pacific slope, in southwestern Costa Rica and adjacent western Panama; from sea level to 2,950 ft (900 m)	Humid lowland forest, secondary forest, and plantations	Habitat loss (urbanization, agriculture, logging)	Least Concern	Decreasing	2014		
Common Mexican treefrog	SMIBAU	0	Smilisca baudinii	Not Endemic	HYLIDAE	Smilisca	baudinii	On the Atlantic slope from southern Texas, United Sates, to Costa Rica; and on the Pacific slope, from southern Sonora, Mexico, to Costa Rica; from near sea level to 5,280 ft (1,610 m).	Semi-arid regions and humid evergreen lowland forest	No major threats	Least Concern	Stable	2020		
New Granada cross-banded treefrog	SMIPHA	1	Smilisca phaeota	Not Endemic	HYLIDAE	Smilisca	phaeota	On the Atlantic slope from northeastern Honduras, through Nicaragua, Costa Rica, and Panama, to northern Colombia; on the Pacific slope in Costa Rica, Panama (in southwestern Panama and Coclé Province), Colombia, and western Ecuador. From near sea level to 3,605 ft (1,100 m).	Humid lowland forest, at the edge of, or in, shallow temporary pools, streams, large ponds, disturbed forest, forest edge, forest-palmito, and secondary forests	No major threats	Least Concern	Increasing	2019	Smilisca phaeota0.mp3	Smilisca phaeota0.webp
Panama cross-banded treefrog	SMISIL	0	Smilisca sila	Not Endemic	HYLIDAE	Smilisca	sila	On the Pacific slope from southwestern Costa Rica to western Colombia; on the Atlantic slope from central Panama to northern Colombia; from near sea level to 1,640 ft (500 m)	Lowland moist and wet forests close to shallow rocky pools, and stream banks, sometimes in secondary forest	Habitat loss (agriculture, logging, human settlement)	Least Concern	Stable	2019		
Veragua cross-banded treefrog	SMISOR	0	Smilisca sordida	Not Endemic	HYLIDAE	Smilisca	sordida	Along the Pacific and Atlantic slopes of Costa Rica; in northern Honduras, central Nicaragua, central and western Panama, and possibly Colombia. From near sea level to 5,000 ft (1,525 m).	Humid lowland and montane forest in the vicinity of rocky streams, disturbed forest, plantations, urban areas	No major threats	Least Concern	Stable	2019		
Chiriqui glass frog	TERPUL	0	Teratohyla pulverata	Not Endemic	CENTROLENIDAE	Teratohyla	pulverata	From east-central Honduras to northern Colombia and in southwestern Costa Rica	Humid lowland and montane forest	No major threats	Least Concern	Unknown	2019		
Milk frog	TRATYP	0	Trachycephalus typhonius	Not Endemic	HYLIDAE	Trachycephalus	typhonius	Atlantic slope from central Tamaulipas and southern Sinaloa, Mexico, southward to southern Nicaragua; on the Pacific slope from Mexico to eastern Panama. In Costa Rica, it is found in the Pacific lowlands and, marginally, on the Atlantic slope, in the San Juan watershed on the border with Nicaragua; from near sea level to 985 ft (300 m). Its range continues far into South America, extending across the Amazon basin, south to Brazil, Paraguay, and northern Argentina; it also occurs on Trinidad and Tobago	Savannahs, open habitats, dry and moist forests, disturbed habitats, second growth forest and plantations	No major threats	Least Concern	Stable	2019		
Spiny-headed  treefrog	TRISPI	0	Triprion spinosus	Endemic to Central America	HYLIDAE	Triprion	spinosus	Fragmented populations on the Atlantic slopes of the Sierra de Los Tuxtlas, Veracruz State and northern Oaxaca State in Mexico, eastern Honduras, central Costa Rica, and central Panama from 311 to 6,561 feet (95 to 2,000 m.a.s.l) 	Lowland rainforests and montane humid forest	Chytridiomycosis, habitat loss (agriculture, logging)	Near Threatened	Decreasing	2019		
